id;name;cynapse_id;email_id;phone_number;created_date;referal_code;form_document;form_document_content_type
1;feed withdrawal Handmade;Passage indexing;deposit;models transmit;2021-04-27;Expanded Rhode stable;../fake-data/blob/hipster.png;image/png
2;transitional Loaf Specialist;analyzing compressing Principal;Home Concrete open-source;Idaho hacking connecting;2021-04-27;virtual redundant;../fake-data/blob/hipster.png;image/png
3;efficient;Incredible;impactful mesh National;contextually-based Automated;2021-04-28;program virtual Associate;../fake-data/blob/hipster.png;image/png
4;Streets;Village Extensions Soft;Analyst Internal;Officer Kansas;2021-04-27;lavender Marketing;../fake-data/blob/hipster.png;image/png
5;and;International 1080p portals;Forward static;time-frame Operative;2021-04-27;connect;../fake-data/blob/hipster.png;image/png
6;Garden Frozen matrix;Gorgeous Incredible;connecting;Central Customer protocol;2021-04-28;Hampshire Fantastic Concrete;../fake-data/blob/hipster.png;image/png
7;Planner;Berkshire Man Regional;hacking matrix infrastructure;Salad Synchronised;2021-04-28;programming online multi-byte;../fake-data/blob/hipster.png;image/png
8;bypassing turn-key Sausages;Tennessee RAM;Producer payment Global;Fall;2021-04-28;South initiatives;../fake-data/blob/hipster.png;image/png
9;green Universal green;calculate;red Technician Dynamic;Jewelery Avon Comoros;2021-04-27;Missouri;../fake-data/blob/hipster.png;image/png
10;neural bypass;Peso navigating;Peso;Via Square Awesome;2021-04-27;Borders Officer;../fake-data/blob/hipster.png;image/png
